art,52
some,31
those,33
still,41
hope,6
travel,3
cures,1
ransom,2
spoil,1
tresses,1
few,1
forgetful,1
harder,1
tripping,1
parts,7
pleasing,2
painted,5
filled,3
often,2
defeated,1
couplement,1
scorn,2
nights,2
penury,1
spheres,1
import,1
registers,1
detain,1
fawn,1
lies,12
decay,9
lark,1
basest,3
deeds,10
watch,2
travelled,1
achieve,1
map,2
sail,3
equal,1
lords,2
growth,3
afterwards,1
bevel,1
flowers,8
violet,2
babe,4
perspective,1
ye,2
slow,4
tires,1
servant,2
character,3
showers,2
spending,1
overthrow,1
prevent,2
coral,1
valley,1
mak,2
traffic,1
leave,10
grow,11
evil,4
wink,2
utmost,1
remedy,2
worths,1
debate,1
falls,1
brightness,1
used,3
day,26
concord,2
among,3
hence,6
intend,1
sense,4
subject,5
quest,2
unto,1
lips,7
render,2
thou,235
breed,2
unions,1
endowed,1
astronomy,1
even,24
pride,11
naked,1
disperse,1
extern,1
raised,1
repair,3
womb,2
did,26
methinks,4
fleet,1
mountain,2
whether,7
outlive,3
space,1
pine,3
got,3
transferred,1
dart,1
tombed,1
two,9
invent,2
us,2
motion,5
compounds,2
worthless,2
slept,1
counterpart,1
remembered,4
crime,4
lack,4
anon,2
present,7
recite,1
possessing,2
vacant,1
stern,1
insults,1
livery,1
loan,1
father,2
ne,4
purpose,5
tend,3
discloses,1
hasten,1
robbing,1
crow,2
halt,1
siren,1
senses,1
loveliness,1
termed,1
rondure,1
physic,2
sensual,2
interchange,1
honey,1
perceiv,1
rainy,1
engrossed,1
act,1
within,11
shame,10
fond,2
rich,11
burn,3
speaking,4
favour,3
wilful,2
mend,3
vice,1
dove,1
borrowed,2
field,1
him,38
could,10
toward,1
men,21
brood,1
perfect,3
length,1
account,4
promise,1
thorns,3
thief,4
losing,3
injurious,2
settled,1
ensconce,1
uprear,1
set,7
outworn,2
kingdom,1
flower,5
always,1
progress,1
plain,1
welfare,1
feil,1
becoming,2
buy,1
joy,8
wet,1
thunder,1
constant,3
wrought,2
weakens,1
offender,1
usest,1
greatest,1
hungry,2
tame,1
uttering,1
debt,1
mistaking,1
fester,1
office,1
appears,1
crests,1
saint,1
dian,1
climbed,1
cherish,1
pen,10
moon,3
burthen,2
disgrace,8
name,17
smother,1
bail,2
twixt,2
variation,1
goodly,1
uncertain,1
trial,1
copy,2
sea,5
vulgar,3
tenants,1
inherit,1
betray,2
everywhere,2
rise,2
goddess,2
reeks,1
dying,1
commanded,1
who,30
seal,1
beauties,4
luck,1
rights,1
oppression,1
seen,11
down,5
wards,1
beast,2
extremity,1
special,2
hell,8
pebbled,1
soil,2
ruin,1
showing,1
acquaintance,3
wilfully,1
moods,1
wantonness,1
orphans,1
amends,1
adder,1
rid,1
physician,1
not,167
low,1
put,8
labouring,1
knife,4
boy,3
foist,1
selling,1
couldst,1
unthrifty,1
show,24
faces,2
imperfect,1
chest,3
deem,1
ambush,1
enjoyer,1
enfeebled,1
garments,2
certain,1
bore,2
revenues,1
exceeds,1
will,64
praise,28
shape,5
lion,1
rare,4
glazed,1
endeared,1
fountains,1
horse,2
root,2
eternity,3
workings,1
pleasant,1
dig,1
form,11
wife,1
carved,1
gilding,2
toiled,1
straying,1
because,3
sure,3
greet,3
feeding,3
envy,2
wing,1
struck,1
wretchcd,1
wounded,1
touch,1
winters,2
fore,2
sweets,6
girded,1
lose,9
pattern,2
process,1
slandered,1
situation,1
preserve,1
quenched,1
by,94
tattered,2
dies,1
must,21
hand,18
behold,7
bier,1
stars,5
keen,2
boast,5
hung,2
dearly,1
sang,1
above,4
medicine,1
jacks,2
grey,1
widow,3
entitled,1
determined,1
grew,5
compiled,1
altered,2
owners,1
spoils,1
records,1
answered,1
whoever,1
forged,1
breathed,1
sleeping,1
new,26
green,5
you,112
antique,5
re,1
belong,2
wits,2
mow,1
power,9
confined,3
qualify,1
perforce,1
frantic,1
sweetly,2
neither,2
whilst,13
reigns,1
corrupting,1
grecian,1
virtue,7
abuses,1
suborned,1
admitted,1
physicians,1
burning,1
youngly,1
heat,4
shop,1
growing,3
trespass,2
lively,2
subscribes,1
page,1
flatterer,1
deformed,1
alters,2
forgoing,1
languished,1
own,30
lovely,8
adore,1
pleasure,11
unthrift,1
expressed,3
onward,1
yellow,2
universe,1
essays,1
untold,1
crying,1
stays,1
more,64
stick,1
declines,1
seemly,1
sullen,2
leisure,4
spites,1
welcome,2
needy,1
inhabit,1
hush,1
forfeit,2
offences,1
marriage,1
untutored,1
back,9
perish,1
dimmed,1
man,7
kings,2
bewailed,1
sit,2
thanks,1
hadst,2
forgive,1
gain,4
feast,2
forwards,1
dregs,1
surfeit,1
lameness,1
seemed,3
endured,1
subdued,1
greeing,1
press,1
slanderers,1
denied,1
afar,1
saved,1
prescriptions,1
insufficiency,1
thy,287
beguile,1
winter,8
there,19
heavenly,3
none,13
hast,17
hot,3
allow,2
adding,1
forget,3
fine,2
marigold,1
attend,1
blanks,1
apple,1
hardest,1
wombs,1
laughed,1
latch,1
fairing,1
beshrew,1
gazed,1
graces,5
loving,9
remain,3
separable,1
recounting,1
cast,2
spirit,10
add,4
limit,1
lean,1
hindmost,1
hounds,1
shapes,1
healthful,2
bosoms,1
salutation,1
beds,1
suggest,1
eat,3
summer,19
mutual,2
seeming,4
can,44
stay,9
succeeding,1
steals,1
clouds,4
forth,7
report,4
decrepit,1
riot,1
fleece,1
lost,4
amen,1
inhearse,1
eyed,1
lesson,1
pursuit,2
prison,1
news,1
prone,1
else,5
face,19
tomb,5
was,29
converted,2
gladly,1
winds,2
muse,16
offence,3
sake,8
worthiness,1
painting,6
rank,5
rhetoric,1
quill,2
bent,2
unfathered,2
idol,1
correction,1
accidents,1
charactered,1
mixed,1
disdain,2
erred,1
unjust,1
beauty,70
their,63
noon,1
rude,4
suns,1
guilt,1
strangely,2
stone,3
antiquity,2
maketh,1
vows,2
fickle,2
unlearned,1
rents,1
inheritors,1
for,172
stand,8
wide,7
furrows,1
nurse,1
ay,2
title,2
counting,2
monument,2
wanton,1
unknown,2
hoisted,1
level,2
becomes,2
bond,1
how,40
stormy,1
table,1
woe,12
bring,8
pierced,1
main,3
saw,5
rather,1
bereft,1
weep,3
meant,1
inward,4
victories,1
jewel,4
friend,16
whit,1
liberty,2
exchequer,1
learned,2
smells,1
turned,2
ranged,1
kiss,3
desperate,1
substance,4
under,6
offenders,1
dye,1
filed,1
songs,1
savage,1
sealed,1
love,191
chief,2
whence,3
powerful,2
action,3
tongues,4
doubting,2
spent,6
resort,1
looked,2
pyramids,1
ruining,1
desire,11
thee,162
succession,1
pent,2
commits,2
brave,3
top,1
verse,15
body,8
words,10
please,4
sparkling,1
deaf,1
soon,3
revolution,1
wooed,1
worthier,1
vermilion,1
newer,2
receipt,1
hear,7
herd,1
tongue,16
possession,2
friends,3
thinks,2
pry,1
awake,1
miracle,1
shown,2
enforced,1
truths,1
dreading,1
shaken,2
badness,1
suit,1
madness,1
drudge,1
worth,20
pilgrimage,2
buds,4
gav,3
cloak,1
foes,3
four,1
charter,2
miscalled,1
example,1
assemble,1
suppressed,1
dissuade,1
too,18
sum,4
happies,1
one,43
kind,12
moan,5
celestial,1
hopes,2
swallowed,1
in,323
nor,52
remembrance,2
usury,1
harsh,1
arising,1
masked,3
renew,1
transfix,1
sick,6
giving,2
compared,1
stewards,1
translated,1
esteeming,1
surmise,1
lodged,1
sable,1
breathe,2
cancelled,1
foregone,1
sluttish,1
lambs,1
proof,3
plague,3
suited,1
crossed,1
betraying,1
disarmed,1
posterity,3
hideous,2
annoy,1
speak,8
evermore,3
seat,2
careful,2
yield,2
wolf,1
limbecks,1
maintain,1
outright,1
they,52
loathsome,1
banquet,1
contains,1
affable,1
effectually,1
threw,1
usurer,2
bareness,2
carve,1
grace,11
sorrows,2
sins,3
confess,1
tincture,1
former,4
purest,1
vow,2
receives,3
lust,2
become,1
conscience,3
with,181
spring,5
treasure,9
tell,15
forbidden,1
departest,1
read,5
object,1
eased,1
hidden,1
told,4
grounded,2
impair,1
riches,2
bear,13
sing,7
wastes,2
begins,1
relief,1
task,1
admired,1
comes,2
statute,1
terms,1
say,28
count,4
given,4
frame,4
determination,1
teachest,1
allege,1
imitated,1
enmity,1
faint,1
building,1
ghost,1
translate,1
attending,2
had,16
addition,2
reign,2
religious,1
tempting,1
fadeth,1
food,1
sympathized,1
blesses,1
wont,1
alas,2
rigour,1
feathered,1
angry,1
treason,1
lives,9
out,17
takes,3
enemies,2
taste,4
unrespected,2
race,1
dulness,1
burthens,1
saying,1
lour,1
misuse,1
ornament,5
content,2
mine,63
unused,4
excel,1
quite,5
woman,6
take,13
injuries,2
be,142
same,6
unfair,1
sap,2
himself,2
bare,4
dry,1
wailing,1
cause,3
delves,1
figured,1
alt,1
beseechers,1
doubt,1
buriest,1
brief,3
fortify,2
sovereign,4
staineth,1
amiss,2
dreams,2
instant,1
drained,1
already,1
story,4
deceived,2
accumulate,1
blow,1
ruth,1
days,17
unthrifts,1
influence,2
height,3
pupil,1
keeps,5
ow,1
robs,2
bide,2
gust,1
fee,1
lasting,1
pomp,1
faring,1
divided,1
poverty,2
mightst,2
assured,4
thrust,1
maturity,1
wrackful,1
dignifies,1
compeers,1
windy,1
vex,2
augurs,1
minds,3
defy,1
discontent,2
light,7
great,10
prisoner,1
yours,5
liker,1
course,3
sigh,1
sad,7
meadows,1
wantonly,1
compass,1
hooks,1
than,48
diest,1
lines,8
shines,2
persuade,1
these,22
gate,1
woes,1
sweetest,5
rhymers,1
hers,1
coward,1
strains,1
dispense,1
ills,2
clears,1
bequest,1
left,5
ah,7
plants,1
mistress,9
passion,1
created,2
featured,1
towards,2
vade,1
steel,3
willingly,1
fame,3
estimate,1
largess,1
lifts,1
reeleth,1
kept,3
fast,4
your,100
stirred,1
expiate,1
silent,2
points,1
dateless,2
both,17
civil,1
blest,2
accusing,1
compile,1
mouths,1
bending,2
prizing,1
thereby,2
eye,40
head,6
region,1
salve,2
lay,2
poesy,1
phrase,1
adjunct,2
budding,1
hair,1
anticipate,1
nerves,1
deepest,1
oaths,4
should,44
answer,3
leese,1
blunt,3
earth,12
glad,2
paper,1
years,2
measured,1
feasts,1
marble,1
rearward,1
petty,1
wretched,3
burden,1
suffered,1
harvest,1
likeness,1
sworn,3
waste,7
calls,5
sight,17
may,29
borne,2
hems,1
ride,3
needs,5
provoke,1
unfolding,1
towers,1
cheap,1
resemble,1
goest,1
female,1
breach,1
threescore,1
barrenly,1
forsake,2
numbers,4
touched,1
hide,5
pearl,1
farthest,2
bar,1
contend,1
scaped,1
truant,1
throw,1
drinks,1
seconds,1
besiege,2
warm,1
shifts,1
clock,2
longer,6
neigh,1
dress,1
condemned,1
reason,6
depart,2
hate,17
ghastly,1
water,5
charged,1
attainted,1
constancy,3
crowning,1
tied,1
huswife,1
sees,1
honest,1
heats,1
master,2
drown,1
interest,2
ranks,1
equipage,1
invention,5
suff,1
jollity,1
unhappily,1
untrue,2
distraction,1
fuel,1
ragged,1
me,164
twire,1
stol,5
engrafted,1
wretch,3
possesseth,1
indeed,1
gluttoning,1
dial,3
wilfulness,1
old,22
such,31
possessed,2
hearsay,1
frown,4
stronger,2
steal,7
divide,1
famished,1
sighs,1
siege,1
learning,2
sport,2
intermixed,1
ransoms,1
dressings,1
deserve,1
dearth,1
free,4
worms,4
eternal,6
dust,2
pain,5
flesh,3
thrice,3
sufferance,1
signs,1
general,3
felt,1
teeming,1
next,2
divert,1
mother,5
times,9
other,17
silver,1
control,3
ink,2
clay,1
richer,1
theft,1
figure,1
drowns,1
golden,5
having,6
death,20
destroys,1
past,9
thing,12
famoused,1
apparel,1
disdaineth,1
wherever,1
iniquity,1
crushed,1
steepy,1
restful,1
sweetness,2
dignity,1
purple,1
sauces,1
pray,1
purity,1
watching,1
when,106
nature,16
gentle,14
night,22
cries,2
obsequious,2
active,1
messengers,1
sharp,2
broils,1
seals,1
immortal,1
dwells,1
divine,2
impression,1
william,1
whose,19
leaving,1
life,24
white,7
go,6
after,11
gardens,1
loved,5
accessary,1
verdict,1
betwixt,1
wait,2
beggar,1
commend,1
breeds,1
ears,1
discased,1
contracted,2
abundance,4
fresh,7
excuse,7
glass,10
despite,6
rain,3
wrong,5
wit,6
images,1
morn,2
excusing,1
pour,1
perhaps,1
linger,1
admit,1
repay,1
counted,1
damasked,1
slavery,1
reckoned,1
untainted,1
blind,6
twain,3
kindness,2
laws,1
fulness,1
ruminate,1
late,1
aye,1
stamped,1
unkindness,2
bower,1
surety,1
wooing,1
o,65
ere,6
cunning,3
wishing,1
shine,4
enough,6
praising,2
deceivest,1
feasting,1
wronk,1
gifts,1
goodness,2
wires,2
is,170
inconstant,2
acquainted,2
gazeth,1
therein,3
roses,7
lacked,2
overturn,1
mars,1
suffer,2
broad,1
polished,1
eclipse,1
dyer,1
missed,1
on,80
user,1
prepare,2
whereon,3
scope,5
embassy,1
move,1
captain,2
robe,1
check,3
forsworn,4
disposed,1
depend,1
gathered,1
pitied,1
worser,1
longing,1
vowed,1
but,163
conquest,3
princes,3
knows,11
cover,3
sought,1
lawful,3
seldom,2
indirectly,1
shamed,1
richly,1
nothing,19
deceive,2
end,11
without,8
painful,1
thus,22
hiding,1
defaced,1
dressing,1
extant,1
presage,1
transport,1
gaol,1
each,15
singleness,1
sell,1
west,3
lame,2
separation,1
describe,1
bitterness,2
remember,2
ground,3
imprint,1
wiry,1
maid,1
print,1
candles,1
trust,5
assailed,2
record,3
chopt,1
bad,7
unstained,1
enlarged,1
sunset,1
finding,2
turn,3
potions,2
brow,8
makeless,1
others,15
again,10
poet,4
buried,5
repose,1
mortality,1
veil,1
dreaming,1
gazing,1
wrack,1
married,2
string,1
hap,1
judgement,2
derive,1
remove,2
enjoy,1
lover,2
churls,1
nourished,1
mouthed,1
travail,1
provide,1
creature,1
eyes,53
proud,13
use,13
spend,6
afloat,1
different,1
graven,1
perfumes,2
unbred,1
dost,29
hill,1
highmost,1
plagues,1
fierce,2
ceremony,1
plead,2
far,16
plight,1
injury,3
foot,3
flourish,1
cost,2
misprision,1
autumn,2
harmful,1
leases,1
profaned,2
cars,1
dwell,6
any,11
wherefore,4
whate,2
makes,8
cloud,2
into,5
carcanet,1
monuments,1
nativity,1
aside,2
stealth,1
red,4
springs,1
catch,4
cured,1
groans,1
slay,1
distempered,1
ordering,1
sheaves,1
salving,1
party,1
alter,1
follows,1
gulls,1
annexed,1
hateth,1
heir,3
live,29
unlooked,2
gold,2
rehearse,4
view,8
hid,2
lengths,1
going,1
noted,2
revolt,1
history,1
front,1
faculty,1
leads,2
mortal,5
mayst,12
comment,2
amazeth,1
breast,7
wardrobe,1
room,1
king,2
firm,1
waking,1
perceived,1
grind,1
cup,1
whoe,1
it,111
wish,5
devour,1
survive,2
nearly,1
bid,1
fly,1
spends,1
profane,1
bow,2
gazers,1
figures,1
knew,1
intents,1
sides,1
fed,1
falsely,1
self,88
confounds,3
minutes,4
painter,3
sourly,2
crave,1
confounded,1
birds,3
praises,4
able,1
outbraves,1
motley,1
partly,1
perjured,3
runs,1
fiend,2
thither,1
gaze,2
willing,2
receiv,2
lease,4
lets,1
maiden,3
off,2
full,13
greater,4
dark,3
parallels,1
flies,3
filching,1
proudest,1
saucy,2
seems,2
necessary,1
rud,1
palate,2
fulfil,2
charge,1
refuse,1
famine,1
now,46
orient,1
ear,3
silvered,1
public,4
stain,3
wonder,3
depends,2
fitted,1
beyond,1
manner,1
only,6
youth,16
leaves,8
music,6
year,5
have,76
earthly,1
darling,1
belongs,2
drooping,1
vouchsafe,2
deserv,1
soft,1
frequent,1
novel,1
partake,1
chaste,1
beauteous,9
liquid,1
sacred,2
truth,24
grows,4
wasteful,2
weak,2
quicker,1
tenure,1
victor,1
owe,1
assistance,1
double,3
doing,2
particulars,1
spot,1
cherubins,1
maladies,2
retention,1
feeble,1
worst,7
presents,1
break,4
afresh,1
unseen,2
posting,1
ashes,1
contain,1
stole,1
difference,1
chronicle,1
balmy,1
weeks,1
laid,4
sky,1
virtuous,3
respect,4
curious,1
prevailed,1
thence,8
teach,3
besmeared,1
hundred,1
blush,1
boat,1
forgotten,1
deserving,1
vantage,1
neck,1
thrall,1
rage,5
poor,15
morning,2
dearest,3
took,5
burned,1
olives,1
delayed,1
dun,1
whole,1
dote,2
private,1
minded,1
papers,1
long,12
things,14
zealous,1
dearer,2
our,18
mended,1
wake,1
pure,2
forward,1
blindness,1
grave,3
acceptable,1
thought,18
perceive,1
conceit,3
scorned,1
played,1
appear,4
melancholy,1
second,4
composed,1
strained,1
idly,1
resty,1
publish,1
wakened,1
quickly,1
hath,43
stretched,1
twice,2
women,3
glory,8
grown,4
rack,1
advocate,1
proves,2
ending,1
choose,1
sway,3
imitate,1
glowing,1
despair,3
colour,3
built,2
acceptance,1
plot,1
array,1
gaudy,1
gracious,5
done,5
guides,1
nightly,2
while,6
pale,2
desert,3
sometimes,1
courses,1
sepulchres,1
vilest,1
concealed,1
stops,1
dulling,1
idolatry,1
wondrous,2
bred,2
just,4
gentlest,1
needing,1
suffers,1
centre,1
cruel,8
frank,1
mark,4
rolling,1
dumb,6
rest,6
journey,2
grievances,1
rider,1
vassal,2
confound,2
offices,1
immured,1
leaped,1
receive,1
pitiful,1
note,2
beloved,5
wisdom,1
lovers,3
blots,1
impanelled,1
anger,1
answers,1
proceed,1
invoked,1
eve,1
hurt,1
purge,1
treads,1
herself,1
denote,1
revenge,1
the,432
unbless,1
fairly,1
find,16
oft,5
shake,3
wherein,5
contented,3
haply,3
brings,2
manners,3
temptation,2
care,6
guard,2
perfumed,1
fears,6
wise,2
consecrate,1
peace,2
determinate,1
habitation,1
wights,1
shoot,1
continual,1
due,6
cease,1
leap,2
instinct,1
granting,1
third,1
wasted,1
hated,1
frost,1
strong,9
offend,1
honour,7
together,1
date,5
consider,1
actor,1
want,4
removed,4
tenth,1
blame,4
limits,1
defendant,1
watchman,1
epitaph,1
sourest,1
withering,1
aright,1
lend,5
ten,7
fear,8
defence,3
write,10
till,14
moving,2
hymns,2
comfort,4
purging,1
unswept,1
backward,1
elsewhere,3
suspect,3
choirs,1
feathers,1
lily,2
brand,5
function,1
mourners,2
mercy,1
except,1
herald,1
ruinate,1
temperate,1
flatter,3
sinks,1
unlettered,1
decree,1
quietus,1
debtor,1
addeth,1
cupid,2
legions,1
see,35
feel,3
wrinkles,5
hue,5
presagers,1
looking,3
heals,1
health,2
bettered,1
tan,1
y,1
bold,2
my,393
april,4
age,17
high,4
souls,2
ill,19
puts,1
toil,4
argument,6
win,4
mourn,3
farewell,1
dignified,1
mar,1
verses,1
correct,1
lesser,1
followed,1
correspondence,1
trees,1
pictured,1
spread,1
abide,2
gravity,1
deserves,1
fresher,1
gently,1
sonnets,1
sings,2
coming,2
dearths,1
return,6
grief,6
wrongs,2
jump,1
league,1
adonis,1
lived,4
hits,1
fools,1
twenty,1
enlighten,1
titles,1
consent,1
approve,3
slave,6
expire,1
word,2
creep,1
rosy,1
doting,1
simply,1
cold,7
save,8
sorry,1
young,4
fell,4
bearing,3
bootless,1
faults,8
sort,2
sufficed,1
said,4
slumbers,1
vanishing,1
works,3
tall,1
steeled,1
despise,2
from,82
hours,12
speechless,2
uphold,1
skill,8
ugly,1
excellent,1
edge,3
increasing,1
yore,1
breathers,1
silence,3
endless,1
stained,1
whereto,3
hugely,1
bliss,1
cools,1
glutton,1
she,33
imprisoned,2
bankrupt,1
passed,2
behaviour,1
thank,1
mute,2
abundant,1
exchanged,1
compound,1
hunted,1
belied,2
angel,5
unrest,1
serving,2
delights,2
predict,1
prognosticate,1
send,3
oppressed,2
sorrow,5
badges,1
spur,2
clerk,1
victors,1
themes,1
affections,1
incapable,1
alteration,1
much,17
them,17
devouring,1
fading,2
shifting,1
fight,3
trophies,1
eclipses,2
clear,3
writes,1
dream,2
urge,2
informer,1
dancing,1
virgin,1
make,43
proving,1
th,9
yellowed,1
tears,5
dull,6
banks,1
anew,3
gross,2
scanted,1
hard,1
oblation,1
never,16
tillage,1
what,73
dear,22
pencil,2
slain,2
heavily,2
canker,5
nine,1
crooked,2
nursed,1
breathes,1
hallowed,1
admire,1
vexed,1
viewest,1
work,4
sunk,1
knowledge,3
vaunt,1
favourites,1
hearts,4
splendour,1
hour,4
delight,8
directed,1
closure,1
millions,1
fill,3
pardon,1
stands,3
broken,1
praised,2
reckoning,1
broke,2
up,16
reserve,2
nimble,2
hang,3
list,1
ruined,2
frowns,1
expressing,1
decrees,1
err,1
follow,2
die,12
i,351
fall,3
soul,12
expense,3
paid,1
loss,8
lascivious,2
boundless,1
simplicity,1
durst,1
methods,1
gainer,1
conquered,1
proved,3
patient,1
taken,3
spacious,1
shouldst,6
like,34
convertest,1
canopy,2
knit,1
restored,1
bears,3
adverse,1
vile,3
ignorance,2
excellence,2
dressed,1
reigned,1
shakespeare,1
renewest,1
single,4
forgot,4
bones,1
cannot,10
refusest,1
unseeing,1
watery,1
matcheth,1
nay,2
varying,1
besides,1
vision,1
pitying,1
bristly,1
lie,12
storm,1
cry,2
refined,1
intelligence,1
delivers,1
poison,1
rising,1
flame,3
and,490
deserved,1
audit,3
sits,1
presence,2
heaven,19
wouldst,3
embassage,1
debarred,1
despising,1
picture,4
survey,2
appetite,4
voice,1
privilege,1
millioned,1
error,1
dwellers,1
sound,2
invited,1
tempteth,1
sweet,57
do,84
hands,2
known,1
advantage,3
veins,2
mansion,2
bird,1
taker,1
child,8
upon,29
steep,2
chide,5
here,5
changing,2
fade,2
plea,3
befits,1
plods,1
force,2
been,6
forests,1
prophecies,1
incertainties,1
kinds,1
niggard,2
gone,9
every,29
conspire,1
folly,2
unperfect,1
dare,4
bids,1
god,2
starved,1
three,8
guilty,2
objects,2
feature,1
sickness,1
madding,1
forgetfulness,1
wail,2
bestow,2
away,18
false,19
gems,1
complain,1
curse,2
acknowledge,1
locked,1
need,6
fool,3
meditation,1
kingdoms,1
proposed,1
mistake,1
are,69
tract,1
murd,3
hanging,1
faith,5
seest,2
delivered,1
writers,1
deemed,2
saturn,1
bough,1
sold,1
eisel,1
reap,1
mortgaged,1
random,1
where,41
bud,2
look,22
rhyme,6
touches,4
phoenix,1
rite,1
stealing,2
freedom,1
foison,1
stamp,1
griefs,1
darkening,1
mournful,1
wild,1
express,2
fever,2
bait,1
bay,1
chase,2
tyrants,2
meet,2
consum,1
unset,1
wary,1
part,20
trifle,1
reasons,3
adieu,1
goes,1
clean,1
blessing,1
onset,1
creation,2
lamb,1
strive,2
builded,1
paying,1
tender,7
profitless,1
executor,1
resembling,2
happy,11
moment,1
beside,2
benefit,2
blot,3
better,19
fault,3
despised,3
blunting,1
hymn,1
releasing,1
travels,1
indigest,1
hied,1
rebuked,1
small,2
majesty,2
middle,1
against,18
eloquence,1
sessions,1
forced,1
case,3
arrest,1
esteem,2
walk,1
extreme,2
proudly,1
beseem,1
abhor,2
of,370
through,6
store,10
sullied,1
trouble,1
absent,3
truest,1
feeds,2
beated,1
gains,1
errors,4
pleased,1
awards,1
sunken,1
made,19
lends,4
very,7
untrimmed,1
forbid,3
limbs,2
rotten,2
decays,1
weeds,4
review,1
swerving,1
enclose,1
merchandized,1
drops,1
teeth,1
outcast,1
streams,1
receiving,1
slide,1
until,1
guest,2
distills,1
born,7
captive,1
critic,1
sickle,1
no,79
wilt,14
call,10
loves,8
whereof,2
shorn,1
warning,1
dyed,2
shun,2
subsist,1
nurseth,1
vowing,1
gives,8
question,2
sets,2
once,10
sightless,2
help,4
jewels,2
weighs,1
cure,5
appeal,1
drunk,1
unkind,3
several,1
rebel,1
feed,2
yet,51
enjoys,1
issue,2
lord,1
precious,6
vanished,2
died,2
mud,1
land,1
falsehood,2
crawls,1
stores,1
bastard,3
memorial,1
fruit,1
ages,1
deface,1
state,14
hides,1
swift,6
black,13
alchemy,2
lest,8
invocate,1
stones,1
impregnable,1
decayed,1
fragrant,1
finger,1
knights,1
powers,1
world,33
sounds,2
song,4
jaws,1
sun,12
fixed,2
therefore,17
fate,1
bett,1
shadows,3
batt,1
chose,1
ushers,1
loud,1
unworthiness,1
trenches,1
lusty,2
paws,1
spite,5
sour,2
taught,6
rightly,1
satire,1
governs,1
an,17
homage,1
pricked,1
matter,3
cheek,4
breath,7
alien,1
astonished,1
join,1
purposed,1
over,4
voices,1
censures,1
unless,6
beard,1
duty,3
summon,1
holy,4
clearer,2
heavy,6
rarities,1
shamefully,1
lace,1
glance,2
something,2
prouder,1
hairs,1
service,1
nymphs,1
weary,4
lov,6
husband,4
strikes,1
house,1
bed,2
poets,2
common,4
pursuing,1
corrupt,2
prime,4
checked,2
curls,1
pluck,4
wanting,2
woos,1
found,9
crystal,1
respects,1
key,1
poorly,1
quick,3
beggared,1
hatred,1
frailer,1
subtleties,1
marvel,1
at,26
convert,1
outward,7
expired,1
torture,2
gild,1
lead,2
services,1
privilage,1
waiting,1
accents,1
fled,2
carry,1
remains,1
knowing,4
desired,2
accident,1
thrivers,1
raven,1
slandering,1
tickled,1
time,70
well,26
least,5
elder,1
strength,6
style,3
mounted,1
patent,1
foul,7
hammered,1
heard,1
change,12
gift,5
wind,2
yea,1
sin,8
brass,4
finds,2
smiling,1
sooner,2
uneared,1
way,6
get,1
before,15
mightier,1
whereupon,1
undivided,1
unwooed,1
waves,1
confounding,1
wrongfully,1
bell,1
commit,1
spirits,2
bonds,3
try,1
weigh,1
score,1
fist,1
woeful,1
costly,1
nobler,1
bath,4
that,323
doom,5
heart,58
beweep,1
aught,2
limping,1
devise,2
impute,1
naming,1
easy,1
askance,1
dates,1
coloured,1
worship,1
torn,1
niggarding,1
walls,2
children,2
nought,3
blessed,8
controlling,2
stelled,1
entertain,1
sleep,4
beguiled,1
cut,1
telling,1
shook,1
proclaims,1
fingers,3
habit,1
deep,8
were,30
war,7
chance,1
warrior,1
visage,1
blamed,2
gilded,3
wherewith,1
familiar,1
feeling,2
chips,1
mourning,2
restore,1
merits,1
aggravate,1
increase,4
deny,2
seeking,1
would,21
best,23
shade,4
witness,3
glorious,1
permit,1
sheds,1
moiety,1
patience,2
graves,1
profit,1
freezings,1
sinful,4
changes,1
canst,7
let,26
prove,12
come,15
short,5
chary,1
writ,6
think,15
grieved,1
awakes,1
run,2
jealous,1
stout,1
shady,1
cheeks,4
confine,1
costs,1
vices,1
adulterate,1
justify,1
abuse,3
holds,5
hues,1
bars,2
scarcely,1
home,3
compounded,1
arts,1
blessings,1
supposing,1
wrinkle,1
monsters,1
swears,1
delighted,1
endure,1
legacy,1
sadly,1
issueless,1
perfection,2
wert,3
strongly,2
whatsoever,1
farther,4
darkly,1
returned,1
sharpened,1
affairs,2
bound,2
amis,1
hearing,1
weakness,1
crown,1
preposterously,1
cheater,1
shall,59
husbandry,2
alone,19
draw,3
graciously,1
exceeded,1
prey,2
contrary,1
rudely,1
infection,3
hawks,2
cheer,1
tombs,1
creating,1
begin,1
fearing,1
impeached,1
believed,1
scarlet,1
asleep,2
so,145
all,120
blood,8
good,15
raiment,1
contents,1
fury,1
neglect,2
prayers,1
older,1
tune,1
swearing,1
votary,1
perpetual,2
sequent,1
owes,1
pipe,1
junes,1
sober,1
unswayed,1
dross,1
a,164
if,68
most,27
gainst,6
star,3
didst,3
cross,3
authorizing,1
winged,1
sword,1
faster,1
philomel,1
meetness,1
transgression,1
thine,44
roof,1
engraft,1
haste,3
birth,5
seek,4
spurring,1
went,1
placed,1
tibey,1
assure,1
boot,1
flattered,1
as,121
car,1
either,4
daily,3
early,1
defects,1
helen,1
gay,2
consumed,1
inferior,1
register,1
renewed,1
drink,2
befriends,1
flown,1
this,105
why,25
play,6
looks,13
fairer,3
am,35
darkness,1
base,5
admiring,1
aid,2
pleasures,1
wond,1
breasts,1
reproving,1
churl,2
being,32
bosom,4
heinous,1
eyelids,2
right,10
closet,1
trifles,1
five,3
near,5
define,1
afford,1
abused,1
redeem,1
gait,1
distillation,1
herein,1
learn,2
triumph,3
defect,2
thinking,3
esteemed,2
widowed,1
wood,3
forsaken,1
disease,1
pity,9
lofty,2
cheered,1
razed,2
lacking,1
slight,2
advised,1
bearer,1
odour,3
suppose,1
idle,2
queen,1
summers,1
tyranny,1
east,1
presume,1
written,1
flow,1
mock,3
attaint,1
modern,1
comments,2
drop,1
gored,1
about,1
impediments,1
t,1
committed,1
snow,1
sue,1
busy,1
devil,1
sickly,1
her,51
son,3
alive,2
forlorn,1
says,5
interim,1
worse,5
tie,2
miser,1
grossly,1
divining,1
monarch,1
poisoned,1
tempests,1
spies,1
minion,1
confessed,1
foe,1
another,12
though,33
evident,1
know,21
seasons,3
fortune,9
although,9
reviewest,1
aloft,1
advance,1
entombed,1
kingly,1
sportive,1
testy,1
excess,1
withal,1
his,107
stage,2
half,3
wand,2
forbear,2
simple,3
lap,1
blazon,1
tendered,1
oblivion,1
savour,1
came,3
credit,1
robbed,1
seeting,1
fairest,5
then,74
duteous,1
youthful,2
wear,3
drawn,3
torment,3
miles,2
composition,1
side,6
jade,1
thinly,1
rocks,1
trimmed,1
saith,1
incertainty,1
applying,1
scythe,4
foiled,1
tired,4
crowned,4
large,5
groan,4
point,2
blunter,1
line,3
exceed,1
unmoved,1
heed,1
marjoram,1
eager,1
honouring,1
waning,1
neglected,1
forty,1
image,4
give,27
vial,1
happier,3
unprovident,1
gusts,1
number,3
first,13
open,2
swart,1
triumphant,2
repent,1
robbery,2
remote,1
beck,1
subjects,2
surmount,1
gates,1
disgraced,1
devised,1
walks,2
rent,1
warrantise,1
riper,2
fair,43
sire,1
mind,17
bloody,3
deserts,2
complexion,3
truly,5
desiring,1
statues,1
slander,3
added,2
muses,1
diseased,1
tyrannous,1
foolish,1
discourse,1
creatures,2
might,26
bounteous,2
whom,12
barren,5
since,24
thrive,2
sometime,6
tis,12
deceased,2
brought,3
dully,1
strange,6
ocean,3
wished,1
society,1
shallowest,1
fleeting,1
ladies,1
fits,1
swear,7
covetous,1
anchored,1
infant,1
lying,1
rose,6
sums,1
believe,4
respose,1
outstripped,1
kill,5
external,1
require,1
defeat,1
descriptions,1
lip,1
profound,1
wills,2
heretic,1
or,79
pay,3
shows,6
shadow,8
brav,1
wound,4
odours,1
brains,1
jealousy,1
impart,1
blenches,1
abysm,1
reproach,1
bind,1
dispatch,1
memory,8
to,414
asked,1
pitch,2
true,38
many,14
replete,2
seem,12
grieve,1
masonry,1
seeing,5
soundless,1
countenance,1
term,1
dispraise,1
lays,4
thralled,1
enjoyed,1
ornaments,1
woo,1
directly,1
thriftless,1
hold,13
recompense,1
quiet,1
alack,3
kills,1
prize,3
weight,1
solemn,1
judgment,5
authority,1
last,2
ripe,1
trim,1
blushing,2
strengthened,1
remover,1
reckon,1
inviting,1
bases,1
successive,1
vainly,2
warmed,1
behind,4
grant,4
semblance,1
march,1
kissing,1
perusal,1
won,1
distance,1
recured,1
thievish,2
blooms,1
disabled,1
twilight,1
bark,2
wrecked,1
humour,2
vengeful,1
prophetic,1
frailties,2
tallies,1
proceeds,1
importune,1
place,10
little,2
counterfeit,2
peep,1
commence,1
flattery,3
fire,10
misplaced,1
doctor,1
smell,4
humble,2
affords,2
doth,88
refigured,1
themselves,6
presenteth,1
theirs,2
thyself,1
supposed,2
pass,3
thrusts,1
enrich,1
thereof,1
strangle,1
morrow,1
drugs,1
we,15
disdains,1
effect,3
lo,3
erst,1
quality,1
book,6
vassalage,1
merit,5
wealth,6
pretty,3
share,1
pace,3
arise,1
boughs,1
strife,1
brain,5
bends,1
tables,2
decease,3
distilled,3
keep,10
pointing,1
means,3
ever,12
air,4
worthy,5
tops,1
appearance,1
fearful,1
surly,1
dedicated,1
prefiguring,1
beams,1
accuse,2
politic,1
onwards,1
secret,1
decrease,1
less,7
turns,4
imaginary,1
dead,16
tear,1
strumpeted,1
throned,1
alike,1
scandal,1
sicken,1
chiding,1
cool,1
bright,11
making,12
stop,2
tells,2
tyrant,2
aspect,1
elements,2
allayed,1
impiety,1
measure,2
striving,1
he,44
which,108
featureless,1
debateth,1
metre,1
brag,1
almost,3
losses,1
sole,1
twofold,1
guess,2
fearfully,1
bitter,2
stopped,1
ward,1
held,2
windows,3
gave,5
bounty,2
huge,2
rough,1
fashion,2
thousand,3
thoughts,18
smoke,1
straight,7
called,2
speed,3
deaths,2
shore,3
shames,2
tanned,1
pays,2
horses,1
december,1
big,1
owner,1
beautiful,1
tribes,1
policy,2
mad,6
weed,3
shalt,11
living,7
wane,1
compare,6
tiger,1
absence,5
receivest,1
fiery,1
graced,1
lilies,1
penance,1
boldness,1
